id,name,lat,lon
0,0,-33.32882838346188,-70.70094366664405
2,2,-33.468449904923915,-70.63656613100201
6,6,-33.55835075495961,-70.66683471937424
7,7,-33.3306387154068,-70.55529294240117
12,12,-33.60211815876188,-70.57782876014276
13,13,-33.450188548265814,-70.56656416104562
14,14,-33.450188548265814,-70.56656416104562
17,17,-33.51623297289433,-70.61004974485536
18,18,-33.51623297289433,-70.61004974485536
19,19,-33.51623297289433,-70.61004974485536
27,27,-33.36496618615541,-70.4872183282436
28,28,-33.36496618615541,-70.4872183282436
29,29,-33.459604701607134,-70.70093474917921
41,41,-33.43507571977945,-70.5155123271112
42,42,-33.43507571977945,-70.5155123271112
55,55,-33.456310976977534,-70.75964693343346
57,57,-33.53213383499789,-70.62707954366874
59,59,-33.54726227825038,-70.60057178875903
68,68,-33.521027798131776,-70.56084470087822
70,70,-33.603706361400526,-70.58729292445193
73,73,-33.375170540047336,-70.66497988457039
74,74,-33.375170540047336,-70.66497988457039
78,78,-33.47003253652158,-70.64602965855501
79,79,-33.54404017589815,-70.65926296647989
80,80,-33.54404017589815,-70.65926296647989
86,86,-33.559932228100024,-70.67630395870556
89,89,-33.44383273221779,-70.52874186930124
96,96,-33.451775889956075,-70.57602168411964
97,97,-33.543089956282444,-70.77103195358798
103,103,-33.46118271705197,-70.71040280082875
104,104,-33.46118271705197,-70.71040280082875
111,111,-33.62986218695949,-70.7047128558611
115,115,-33.49383707452308,-70.7104018124219
126,126,-33.575892321095196,-70.53810195011383
132,132,-33.45788482957997,-70.76911927448145
133,133,-33.45788482957997,-70.76911927448145
136,136,-33.52497625413952,-70.62329615147702
138,138,-33.54884829099473,-70.61003558896613
139,139,-33.54884829099473,-70.61003558896613
142,142,-33.55024518705951,-70.77482395492842
143,143,-33.458940537451056,-70.57980128838732
149,149,-33.37291950011838,-70.53446734104745
150,150,-33.37291950011838,-70.53446734104745
154,154,-33.5949669657319,-70.5740470890983
159,159,-33.376750162209916,-70.67444201573046
161,161,-33.54320812515772,-70.69335247904525
162,162,-33.461286379207564,-70.63278317144933
163,163,-33.461286379207564,-70.63278317144933
167,167,-33.54562202840513,-70.66873108830538
168,168,-33.54562202840513,-70.66873108830538
172,172,-33.527314447607964,-70.6763094220344
173,173,-33.527314447607964,-70.6763094220344
175,175,-33.551195810554105,-70.66304868150864
178,178,-33.3375804364819,-70.71419210407005
181,181,-33.46691676833498,-70.54952933467827
182,182,-33.46691676833498,-70.54952933467827
183,183,-33.54466392994596,-70.78050845366498
184,184,-33.53294905524438,-70.59300786555328
189,189,-33.57032939402948,-70.54378251053171
192,192,-33.452440615968094,-70.69714829056127
197,197,-33.621133749589575,-70.69145009675319
203,203,-33.528186005347116,-70.56462449821406
206,206,-33.373731056935085,-70.5004403805535
217,217,-33.44914683735504,-70.75585721748973
221,221,-33.540106011198866,-70.5967896656622
232,232,-33.53054920017482,-70.6176150877051
234,234,-33.37450823454582,-70.54391948709667
235,235,-33.53773260982072,-70.54380535493242
237,237,-33.44843197935921,-70.7122967998563
241,241,-33.367998391750135,-70.66119673718251
243,243,-33.46286919849602,-70.64224614023325
244,244,-33.5368838512116,-70.6554775742797
245,245,-33.5368838512116,-70.6554775742797
249,249,-33.552777473473974,-70.67251736209798
253,253,-33.390937661506264,-70.75963598797972
254,254,-33.390937661506264,-70.75963598797972
257,257,-33.46850548739889,-70.55898619763508
261,261,-33.44224216701442,-70.51928824859517
262,262,-33.53453544444959,-70.60247054646939
263,263,-33.57084325158753,-70.82032622991751
270,270,-33.45401882018783,-70.70661578439928
271,271,-33.45401882018783,-70.70661578439928
274,274,-33.62271415712323,-70.70092358917626
284,284,-33.61157564808096,-70.71229309881154
287,287,-33.58200456116331,-70.8089545267164
293,293,-33.527202412177814,-70.75397430390939
298,298,-33.49225870775487,-70.70093251835023
299,299,-33.3846385774561,-70.7217642772388
304,304,-33.541692212269936,-70.60625290623452
305,305,-33.541692212269936,-70.60625290623452
315,315,-33.52339143094461,-70.61383225483101
316,316,-33.52339143094461,-70.61383225483101
321,321,-33.61165111113066,-70.55700189850826
324,324,-33.45735338199595,-70.57034320565519
325,325,-33.45735338199595,-70.57034320565519
326,326,-33.45735338199595,-70.57034320565519
327,327,-33.36333845039459,-70.55527162192384
328,328,-33.36333845039459,-70.55527162192384
330,330,-33.47802424201219,-70.61574374269918
331,331,-33.47802424201219,-70.61574374269918
334,334,-33.376596428865646,-70.75205886794967
336,336,-33.55909763082003,-70.71039983482969
339,339,-33.337814770961195,-70.55906953560796
341,341,-33.392510812852315,-70.76910584291213
342,342,-33.392510812852315,-70.76910584291213
344,344,-33.49613395139081,-70.76344294429074
345,345,-33.541628030311344,-70.68388259012436
346,346,-33.541628030311344,-70.68388259012436
347,347,-33.541628030311344,-70.68388259012436
348,348,-33.541628030311344,-70.68388259012436
353,353,-33.35910269278737,-70.72555009357865
354,354,-33.459752749486675,-70.54575132397845
355,355,-33.459752749486675,-70.54575132397845
359,359,-33.53605186871475,-70.6895651752036
360,360,-33.53605186871475,-70.6895651752036
361,361,-33.52579141060714,-70.58922638842381
365,365,-33.33600402873008,-70.70472846164616
366,366,-33.46919400380836,-70.68010577393571
367,367,-33.46919400380836,-70.68010577393571
378,378,-33.370546886085236,-70.48154356464723
379,379,-33.370546886085236,-70.48154356464723
389,389,-33.5265970287072,-70.555164935636
390,390,-33.399840340977626,-70.6952596446472
393,393,-33.46591287243472,-70.73881159305022
394,394,-33.46591287243472,-70.73881159305022
395,395,-33.54803053798963,-70.64411364839631
406,406,-33.530575217169925,-70.54002659230751
409,409,-33.61324088050668,-70.56646484242744
411,411,-33.605253790037395,-70.67440204972267
412,412,-33.605253790037395,-70.67440204972267
414,414,-33.47960843904583,-70.62520605751492
415,415,-33.47960843904583,-70.62520605751492
419,419,-33.50425720924431,-70.65548576934408
421,421,-33.53929072662326,-70.63086325874572
422,422,-33.53929072662326,-70.63086325874572
425,425,-33.378169957512874,-70.76152760953336
426,426,-33.378169957512874,-70.76152760953336
430,430,-33.45717328399906,-70.72555309151959
431,431,-33.45717328399906,-70.72555309151959
432,432,-33.560676045448844,-70.71987238849387
435,435,-33.38376738923886,-70.75584726689146
436,436,-33.38376738923886,-70.75584726689146
437,437,-33.38376738923886,-70.75584726689146
439,439,-33.49770796170144,-70.772917085965
440,440,-33.461341654547944,-70.55520762694015
441,441,-33.461341654547944,-70.55520762694015
451,451,-33.470773586051,-70.68957261989661
465,465,-33.57485248521853,-70.80516012122577
475,475,-33.40141810836474,-70.70472499687845
478,478,-33.467488293163754,-70.74828273480561
479,479,-33.467488293163754,-70.74828273480561
480,480,-33.54961349865093,-70.65358077680088
481,481,-33.54961349865093,-70.65358077680088
482,482,-33.54961349865093,-70.65358077680088
490,490,-33.52562675458431,-70.7445004609487
493,493,-33.50099721336146,-70.71418964832432
497,497,-33.53693166706697,-70.57786552142164
499,499,-33.50193877130674,-70.52491477287202
505,505,-33.470861529513044,-70.61196181469167
506,506,-33.470861529513044,-70.61196181469167
508,508,-33.50583889949585,-70.66495209041729
509,509,-33.50583889949585,-70.66495209041729
512,512,-33.36942478060914,-70.74827079114647
515,515,-33.55194294617404,-70.7066113272631
517,517,-33.385340729331965,-70.76531656516069
518,518,-33.385340729331965,-70.76531656516069
520,520,-33.48897357235399,-70.75965240831523
521,521,-33.53349853596283,-70.79187738729952
522,522,-33.46769082134495,-70.59304063681088
526,526,-33.49316724664475,-70.58924327153142
533,533,-33.414016931398585,-70.78047560899043
534,534,-33.414016931398585,-70.78047560899043
535,535,-33.414016931398585,-70.78047560899043
538,538,-33.46203072989213,-70.67632034439141
539,539,-33.46203072989213,-70.67632034439141
544,544,-33.36785041613413,-70.73880337713305
549,549,-33.53447158404358,-70.68009584470605
550,550,-33.53447158404358,-70.68009584470605
563,563,-33.37443513910722,-70.6214615358619
564,564,-33.39267062723977,-70.69147441447512
565,565,-33.39267062723977,-70.69147441447512
569,569,-33.45874954314167,-70.73502290395673
570,570,-33.45874954314167,-70.73502290395673
572,572,-33.540874524781955,-70.64032905127867
579,579,-33.56078999172509,-70.56460438434596
580,580,-33.56078999172509,-70.56460438434596
584,584,-33.53851916272261,-70.58732720391794
588,588,-33.62674221842188,-70.60810818137965
589,589,-33.39202635708188,-70.57038190739065
591,591,-33.4724459139997,-70.6214235703995
592,592,-33.4724459139997,-70.6214235703995
593,593,-33.4724459139997,-70.6214235703995
594,594,-33.4724459139997,-70.6214235703995
597,597,-33.49709712568508,-70.65170119623758
600,600,-33.553521551427046,-70.71608332280472
606,606,-33.60729216165372,-70.8829340021414
609,609,-33.46927649855294,-70.6025008366888
610,610,-33.560546254152236,-70.79757227774535
611,611,-33.560546254152236,-70.79757227774535
613,613,-33.537706280364624,-70.62139824348606
614,614,-33.494753468028186,-70.59870415223531
618,618,-33.45559637627298,-70.71608405152618
619,619,-33.45559637627298,-70.71608405152618
623,623,-33.463610500671834,-70.6857866322002
646,646,-33.400824881937375,-70.50608782202843
649,649,-33.542457674615356,-70.64979562066381
650,650,-33.542457674615356,-70.64979562066381
660,660,-33.37532217888302,-70.50988996193972
661,661,-33.529774335467266,-70.5740848410059
668,668,-33.62832855529299,-70.61757558430944
670,670,-33.47877698270422,-70.65927836187231
671,671,-33.47877698270422,-70.65927836187231
672,672,-33.47877698270422,-70.65927836187231
680,680,-33.50572784938696,-70.74260384206589
681,681,-33.50572784938696,-70.74260384206589
682,682,-33.608858906566994,-70.8924213125829
685,685,-33.46052704731758,-70.58926015021034
688,688,-33.48600584831972,-70.58546261261749
691,691,-33.51545760759629,-70.56652444923198
692,692,-33.51545760759629,-70.56652444923198
696,696,-33.46992310278254,-70.72365952220244
697,697,-33.46992310278254,-70.72365952220244
698,698,-33.46992310278254,-70.72365952220244
700,700,-33.43495127433096,-70.67064590680432
717,717,-33.548783786191294,-70.68766965829744
718,718,-33.548783786191294,-70.68766965829744
722,722,-33.3662754044165,-70.72933673440477
727,727,-33.40055393087234,-70.73880611505352
730,730,-33.4260750227923,-70.73502066182276
740,740,-33.531362018841655,-70.58354596359214
744,744,-33.42387403799562,-70.60441381652721
748,748,-33.480358131443666,-70.66874399979679
749,749,-33.480358131443666,-70.66874399979679
751,751,-33.51382748229281,-70.63465822453585
752,752,-33.51382748229281,-70.63465822453585
758,758,-33.559200659090514,-70.55514358158284
759,759,-33.559200659090514,-70.55514358158284
763,763,-33.35539293913217,-70.5080164917166
764,764,-33.507303428736364,-70.75207678447568
765,765,-33.60014282987736,-70.87913505702419
767,767,-33.462112911369815,-70.59871979070483
768,768,-33.55339209946913,-70.79377883973991
769,769,-33.55339209946913,-70.79377883973991
771,771,-33.39043927917157,-70.56092708238094
772,772,-33.39043927917157,-70.56092708238094
777,777,-33.47149963193524,-70.73312967728309
778,778,-33.47149963193524,-70.73312967728309
779,779,-33.47149963193524,-70.73312967728309
782,782,-33.4365311502859,-70.68011073659665
783,783,-33.4365311502859,-70.68011073659665
793,793,-33.57189718854383,-70.63085183192553
797,797,-33.38648345499348,-70.49853905597185
808,808,-33.40212864899286,-70.74827477132149
809,809,-33.40311785265579,-70.63658747376881
813,813,-33.42765028205475,-70.74449000352018
814,814,-33.42765028205475,-70.74449000352018
829,829,-33.34263379676773,-70.50991722737699
831,831,-33.39923320962774,-70.49663756349527
837,837,-33.425458438537305,-70.61387321380778
838,838,-33.6211800015477,-70.61379126359827
840,840,-33.37728688650595,-70.79561941568474
843,843,-33.47161452095233,-70.65549396225818
845,845,-33.51541073916917,-70.64412333456806
846,846,-33.51541073916917,-70.64412333456806
847,847,-33.51541073916917,-70.64412333456806
849,849,-33.329529497790254,-70.74447955432133
854,854,-33.49856828034009,-70.73881433312704
855,855,-33.49856828034009,-70.73881433312704
857,857,-33.41276517372328,-70.53821983616079
858,858,-33.47725652089338,-70.57222329413253
859,859,-33.55496457819273,-70.80325743723442
860,860,-33.55496457819273,-70.80325743723442
863,863,-33.5027265606219,-70.56842423221231
870,870,-33.48424707139399,-70.73123628271463
871,871,-33.48424707139399,-70.73123628271463
872,872,-33.46276008415449,-70.71987162563886
874,874,-33.427784747647124,-70.66686153176188
875,875,-33.427784747647124,-70.66686153176188
876,876,-33.427784747647124,-70.66686153176188
877,877,-33.427784747647124,-70.66686153176188
881,881,-33.63144175173659,-70.71418768140592
887,887,-33.524204186470655,-70.57976504626717
888,888,-33.38807485220601,-70.50798897593049
899,899,-33.54065457567303,-70.79567041483423
902,902,-33.41890793742131,-70.7312327922669
916,916,-33.34422390877832,-70.51936635305276
921,921,-33.52656042964973,-70.63276082565105
922,922,-33.52656042964973,-70.63276082565105
923,923,-33.41670620267138,-70.60063335199025
924,924,-33.41670620267138,-70.60063335199025
925,925,-33.63627586551546,-70.58727577797029
926,926,-33.41417770587845,-70.70283107206735
927,927,-33.41417770587845,-70.70283107206735
929,929,-33.473195857991065,-70.66495904169051
930,930,-33.473195857991065,-70.66495904169051
934,934,-33.50666821126834,-70.63087468256751
941,941,-33.414354087804824,-70.5476737803592
942,942,-33.616885746103634,-70.8620721903278
943,943,-33.4788437624711,-70.58168227658136
944,944,-33.4788437624711,-70.58168227658136
945,945,-33.52075716723088,-70.79376888243823
947,947,-33.50431434680306,-70.57788389482793
953,953,-33.46433680269021,-70.72934122318695
954,954,-33.46433680269021,-70.72934122318695
955,955,-33.56794444333569,-70.56838499982716
957,957,-33.364157066539065,-70.52124080445702
964,964,-33.35734168588971,-70.79371913512149
965,965,-33.35734168588971,-70.79371913512149
968,968,-33.39919662133588,-70.57416028542225
969,969,-33.39919662133588,-70.57416028542225
983,983,-33.655287829350605,-70.70092135541711
997,997,-33.43883159763804,-70.73312768346761
998,998,-33.43883159763804,-70.73312768346761
1003,1003,-33.621979313517215,-70.57971064741471
1004,1004,-33.40153528877355,-70.62712720386743
1007,1007,-33.48835363831925,-70.63845251831664
1008,1008,-33.48835363831925,-70.63845251831664
1012,1012,-33.34633078299078,-70.72744275011841
1021,1021,-33.50644062828176,-70.78618397054314
1022,1022,-33.4055960399562,-70.53444328834706
1024,1024,-33.47009356113591,-70.5684438406868
1031,1031,-33.407994569056186,-70.50986268935405
1032,1032,-33.49556597649591,-70.56464460680577
1038,1038,-33.44453988071516,-70.64982243547406
1039,1039,-33.598854728040095,-70.71418817332922
1047,1047,-33.452987994316466,-70.81838258382825
1048,1048,-33.380903296487915,-70.50421451683145
1060,1060,-33.5264753822246,-70.71040082375558
1061,1061,-33.5264753822246,-70.71040082375558
1062,1062,-33.5264753822246,-70.71040082375558
1064,1064,-33.41016387897506,-70.71797778976415
1065,1065,-33.41016387897506,-70.71797778976415
1066,1066,-33.41016387897506,-70.71797778976415
1068,1068,-33.48267027239535,-70.72176578498772
1069,1069,-33.48267027239535,-70.72176578498772
1071,1071,-33.43567859346128,-70.71419063100929
1072,1072,-33.43567859346128,-70.71419063100929
1073,1073,-33.529630866503,-70.72934421767236
1074,1074,-33.529630866503,-70.72934421767236
1084,1084,-33.522616315570225,-70.57030448361216
1086,1086,-33.623567597308124,-70.58917571251172
1088,1088,-33.433451692678524,-70.58359883448607
1089,1089,-33.433451692678524,-70.58359883448607
1090,1090,-33.433451692678524,-70.58359883448607
1091,1091,-33.433451692678524,-70.58359883448607
1095,1095,-33.48993635325256,-70.6479169458584
1096,1096,-33.514578958104785,-70.67820519999411
1097,1097,-33.514578958104785,-70.67820519999411
1101,1101,-33.34790571076623,-70.73690849348826
1112,1112,-33.508013146589896,-70.79566020964822
1113,1113,-33.60973722073672,-70.85827426866383
1114,1114,-33.47168098932007,-70.57790226341457
1115,1115,-33.47168098932007,-70.57790226341457
1116,1116,-33.47168098932007,-70.57790226341457
1117,1117,-33.58139234712497,-70.6876656855002
1118,1118,-33.58139234712497,-70.6876656855002
1123,1123,-33.34947999169923,-70.74637500810643
1128,1128,-33.53530116074164,-70.64601078737704
1129,1129,-33.53530116074164,-70.64601078737704
1130,1130,-33.41259966705862,-70.69336537786629
1131,1131,-33.41259966705862,-70.69336537786629
1132,1132,-33.340024607948635,-70.68958749756689
1133,1133,-33.340024607948635,-70.68958749756689
1135,1135,-33.44612132223692,-70.65928605653912
1138,1138,-33.33528819581262,-70.66120417693467
1149,1149,-33.44425328142241,-70.80511432740558
1157,1157,-33.411740163576354,-70.72744524501691
1158,1158,-33.411740163576354,-70.72744524501691
1161,1161,-33.437255419641936,-70.72365877103506
1162,1162,-33.437255419641936,-70.72365877103506
1163,1163,-33.437255419641936,-70.72365877103506
1167,1167,-33.56635529855251,-70.55892363675336
1171,1171,-33.36256686245232,-70.51179078007416
1179,1179,-33.397609728545426,-70.56470490094337
1180,1180,-33.397609728545426,-70.56470490094337
1185,1185,-33.51227955236429,-70.54760678438903
1186,1186,-33.51227955236429,-70.54760678438903
1187,1187,-33.614830001794836,-70.57592856701164
1188,1188,-33.43503765696889,-70.59305701599303
1193,1193,-33.60448758777237,-70.63084040210575
1194,1194,-33.60448758777237,-70.63084040210575
1195,1195,-33.481191989172736,-70.63466914948816
1200,1200,-33.33915619804784,-70.72365651871515
1207,1207,-33.44757214584409,-70.7463862044057
1211,1211,-33.49928132171807,-70.782391998168
1213,1213,-33.43744453535876,-70.56846344401866
1214,1214,-33.51517157045145,-70.79945306117737
1215,1215,-33.41028681524053,-70.64036976453684
1218,1218,-33.50349937836981,-70.61194791213018
1219,1219,-33.50349937836981,-70.61194791213018
1224,1224,-33.4590189970475,-70.93403826619537
1227,1227,-33.437374166636666,-70.64603909043092
1229,1229,-33.591703811023685,-70.71039884564415
1240,1240,-33.406403080780464,-70.5004118704068
1248,1248,-33.4029952286068,-70.71419112215834
1250,1250,-33.42851231919869,-70.71040378897625
1252,1252,-33.522473488990094,-70.72555509145845
1253,1253,-33.522473488990094,-70.72555509145845
1254,1254,-33.522473488990094,-70.72555509145845
1263,1263,-33.3538019093131,-70.49856780908327
1266,1266,-33.524896665692964,-70.70093028693569
1267,1267,-33.524896665692964,-70.70093028693569
1269,1269,-33.513868903032375,-70.55706522657711
1270,1270,-33.513868903032375,-70.55706522657711
1273,1273,-33.49140802093558,-70.73502514667929
1274,1274,-33.49140802093558,-70.73502514667929
1275,1275,-33.42628467162459,-70.57981940231852
1280,1280,-33.48277489216755,-70.64413301819825
1281,1281,-33.48277489216755,-70.64413301819825
1282,1282,-33.50741994154178,-70.6744191870022
1283,1283,-33.50741994154178,-70.6744191870022
1284,1284,-33.50741994154178,-70.6744191870022
1291,1291,-33.42392236547591,-70.52686611404413
1293,1293,-33.43903160397541,-70.57792062718357
1294,1294,-33.43903160397541,-70.57792062718357
1295,1295,-33.53035177583631,-70.77292430414326
1298,1298,-33.5050841184626,-70.62141090860415
1313,1313,-33.59012439963892,-70.7009258223489
1319,1319,-33.358226960364576,-70.75963051740665
1326,1326,-33.53371782192862,-70.636544777033
1327,1327,-33.53371782192862,-70.636544777033
1332,1332,-33.42134535659714,-70.70661726933163
1335,1335,-33.4045717014794,-70.72365802006476
1347,1347,-33.452099401808724,-70.85249845021556
1356,1356,-33.50511978287666,-70.5438281933407
1357,1357,-33.582251279217964,-70.57594720020786
1360,1360,-33.55124426449329,-70.58542785135316
1363,1363,-33.44854045878368,-70.63468007157431
1364,1364,-33.44854045878368,-70.63468007157431
1365,1365,-33.44854045878368,-70.63468007157431
1371,1371,-33.61720224216551,-70.62894216796305
1372,1372,-33.61720224216551,-70.62894216796305
1377,1377,-33.51603685523453,-70.7653414445345
1380,1380,-33.43027782870003,-70.56468480816832
1381,1381,-33.43027782870003,-70.56468480816832
1382,1382,-33.53192548145305,-70.78240046056828
1385,1385,-33.49633904278349,-70.60816581139612
1391,1391,-33.37918119340195,-70.64984030029235
1392,1392,-33.37918119340195,-70.64984030029235
1395,1395,-33.33442697501672,-70.69526559186522
1397,1397,-33.44527584168233,-70.69336215443028
1398,1398,-33.44527584168233,-70.69336215443028
1399,1399,-33.44527584168233,-70.69336215443028
1403,1403,-33.60841602034302,-70.69334602455446
1405,1405,-33.44599680549233,-70.7369159627538
1406,1406,-33.44599680549233,-70.7369159627538
1412,1412,-33.40870443793554,-70.63090893605414
1420,1420,-33.48124274630457,-70.5570863248593
1421,1421,-33.37029583977047,-70.71419161317861
1424,1424,-33.436390911227456,-70.75774942265627
1426,1426,-33.53921049004977,-70.70850615950893
1444,1444,-33.58383939999193,-70.58541046387896
1446,1446,-33.434208968999705,-70.62711529350612
1447,1447,-33.6299142427392,-70.62704376567525
1448,1448,-33.6299142427392,-70.62704376567525
1449,1449,-33.6299142427392,-70.62704376567525
1451,1451,-33.45012300633174,-70.64414269928787
1458,1458,-33.61042499672223,-70.90190938874962
1459,1459,-33.43186508318032,-70.57414143173814
1460,1460,-33.43186508318032,-70.57414143173814
1461,1461,-33.523194661236964,-70.76913271310373
1469,1469,-33.38076192058983,-70.65930143981787
1470,1470,-33.38076192058983,-70.65930143981787
1471,1471,-33.34963792080392,-70.66876980246151
1473,1473,-33.44685423448415,-70.70282909043469
1474,1474,-33.44685423448415,-70.70282909043469
1475,1475,-33.44685423448415,-70.70282909043469
1480,1480,-33.609996159645405,-70.70281917446627
1484,1484,-33.50590148661774,-70.58734433690576
1485,1485,-33.50590148661774,-70.58734433690576
1486,1486,-33.50590148661774,-70.58734433690576
1487,1487,-33.45386701660225,-70.78427488109979
1500,1500,-33.38644202649849,-70.57605889677859
1501,1501,-33.37187195777198,-70.7236572692915
1505,1505,-33.43796468390916,-70.76722086361475
1506,1506,-33.446702757002605,-70.78048381692618
1510,1510,-33.32028606589209,-70.53261587276604
1514,1514,-33.58854433778409,-70.69145357344969
1517,1517,-33.444935287535294,-70.84870358106255
1519,1519,-33.356653514487874,-70.7501626753167
1522,1522,-33.35298811829056,-70.53259158263326
1527,1527,-33.41976750581072,-70.6971510174434
1528,1528,-33.57509820590656,-70.57216593844497
1529,1529,-33.43579189099446,-70.63657680378516
1530,1530,-33.43579189099446,-70.63657680378516
1531,1531,-33.43579189099446,-70.63657680378516
1535,1535,-33.44137505753984,-70.63089752122055
1536,1536,-33.44137505753984,-70.63089752122055
1540,1540,-33.610052686184346,-70.62515737407304
1541,1541,-33.610052686184346,-70.62515737407304
1544,1544,-33.50887835804909,-70.76155049842764
1545,1545,-33.4231104360972,-70.56090649510682
1546,1546,-33.44701192964718,-70.54765145422587
1547,1547,-33.52476855819097,-70.77860831243301
1551,1551,-33.549656497484385,-70.57596582851485
1554,1554,-33.37200935840658,-70.64605794676156
1555,1555,-33.35121699777023,-70.67823125085738
1557,1557,-33.43811037897129,-70.68957634077806
1558,1558,-33.43811037897129,-70.68957634077806
1562,1562,-33.60126591383636,-70.68955772660121
1577,1577,-33.36312344014998,-70.7104057644936
1580,1580,-33.42922489287555,-70.75396011661307
1581,1581,-33.42922489287555,-70.75396011661307
1583,1583,-33.53205392313382,-70.70471806188603
1584,1584,-33.53205392313382,-70.70471806188603
1585,1585,-33.53205392313382,-70.70471806188603
1587,1587,-33.5623404945882,-70.65168381128078
1588,1588,-33.5623404945882,-70.65168381128078
1598,1598,-33.40236847351297,-70.59307339087964
1599,1599,-33.40236847351297,-70.59307339087964
1605,1605,-33.427042193385084,-70.62333338842276
1607,1607,-33.47965375429789,-70.5476291222366
1608,1608,-33.442957792407746,-70.64035959022762
1618,1618,-33.424697876247876,-70.57036255906034
1620,1620,-33.60258800059638,-70.85447666944225
1623,1623,-33.448600561420875,-70.5571074176081
1632,1632,-33.37359027203794,-70.65551852810715
1633,1633,-33.37359027203794,-70.65551852810715
1634,1634,-33.37359027203794,-70.65551852810715
1635,1635,-33.34246340114256,-70.6649868285528
1637,1637,-33.602846244263304,-70.69903031792457
1642,1642,-33.56455357212374,-70.78240892519085
1643,1643,-33.56455357212374,-70.78240892519085
1646,1646,-33.360924904479766,-70.5798556159326
1652,1652,-33.50815666219904,-70.71797780679249
1653,1653,-33.50815666219904,-70.71797780679249
1657,1657,-33.483518485223186,-70.68767760076415
1658,1658,-33.483518485223186,-70.68767760076415
1659,1659,-33.36469974568037,-70.71987086338419
1669,1669,-33.43777048225482,-70.84490903395222
1672,1672,-33.514647314268785,-70.6005871856242
1673,1673,-33.557232253741006,-70.85634815556365
1680,1680,-33.59178823929989,-70.55512222192597
1682,1682,-33.39519858012352,-70.58929389428918
1684,1684,-33.45811880065449,-70.61385956439717
1687,1687,-33.32905126497361,-70.54584159351018
1693,1693,-33.476225324503055,-70.76154477395099
1694,1694,-33.41594235777244,-70.55712850482563
1698,1698,-33.43984603804077,-70.5438738521894
1703,1703,-33.516993348100044,-70.65358922112057
1704,1704,-33.516993348100044,-70.65358922112057
1707,1707,-33.38877786807838,-70.62902385979892
1708,1708,-33.38877786807838,-70.62902385979892
1710,1710,-33.41344963171328,-70.65929374918738
1711,1711,-33.34404266441838,-70.6744477191704
1715,1715,-33.4548667674649,-70.67253523741614
1719,1719,-33.39753030823933,-70.642265993114
1722,1722,-33.574239665145015,-70.68387812039849
1733,1733,-33.558399529879644,-70.58920950088584
1736,1736,-33.37990746809553,-70.69336860045671
1737,1737,-33.37990746809553,-70.69336860045671
1738,1738,-33.37990746809553,-70.69336860045671
1760,1760,-33.44378893778133,-70.60629684931054
1761,1761,-33.44378893778133,-70.60629684931054
1763,1763,-33.586202759835544,-70.6384212231182
1765,1765,-33.45970291318527,-70.62332097936385
1768,1768,-33.563158380277564,-70.61760192336244
1779,1779,-33.47779925631497,-70.77101801523759
1781,1781,-33.40078286973364,-70.583616448874
1782,1782,-33.40078286973364,-70.583616448874
1784,1784,-33.441434855440264,-70.55332925563962
1790,1790,-33.39036015918897,-70.6384837888901
1791,1791,-33.39036015918897,-70.6384837888901
1792,1792,-33.488404704983125,-70.56086530435759
1793,1793,-33.35035326047606,-70.71229901815308
1795,1795,-33.45644672658891,-70.68200096705094
1796,1796,-33.45644672658891,-70.68200096705094
1802,1802,-33.57582010831907,-70.6933492522235
1803,1803,-33.57582010831907,-70.6933492522235
1811,1811,-33.37768377322679,-70.5628261193423
1817,1817,-33.38148515136928,-70.70283305318011
1818,1818,-33.38148515136928,-70.70283305318011
1830,1830,-33.56297952245978,-70.77293152421696
1837,1837,-33.45657300491193,-70.52684106039297
1838,1838,-33.45657300491193,-70.52684106039297
1841,1841,-33.51689256890578,-70.73123802862565
1842,1842,-33.48193863235829,-70.67821041290128
1843,1843,-33.48193863235829,-70.67821041290128
1845,1845,-33.58463597992428,-70.55134199490514
1847,1847,-33.445373424283154,-70.61575714616532
1848,1848,-33.445373424283154,-70.61575714616532
1852,1852,-33.599726972981905,-70.52483880111518
1853,1853,-33.45095421279815,-70.61007804549357
1854,1854,-33.564743367537226,-70.62706762080101
1857,1857,-33.51306100861741,-70.59112540488897
1858,1858,-33.51306100861741,-70.59112540488897
1859,1859,-33.51306100861741,-70.59112540488897
1865,1865,-33.46906306465306,-70.75775464802985
1866,1866,-33.432679460626154,-70.54009657302204
1867,1867,-33.432679460626154,-70.54009657302204
1870,1870,-33.447783675572694,-70.59115866706888
1871,1871,-33.447783675572694,-70.59115866706888
1875,1875,-33.39361279080778,-70.57983751149968
1876,1876,-33.55204533100121,-70.55136384956153
1877,1877,-33.55204533100121,-70.55136384956153
1883,1883,-33.381606846530694,-70.62524253658046
1884,1884,-33.351929294106576,-70.7217637749195
1889,1889,-33.44770211674801,-70.66875045300175
1893,1893,-33.5718262429305,-70.70850492182191
1895,1895,-33.56708629206355,-70.68009087813633
1900,1900,-33.379270577028514,-70.57228060470231
1901,1901,-33.52573332447598,-70.66684142511005
1905,1905,-33.41186854657481,-70.64983136905478
1906,1906,-33.41186854657481,-70.64983136905478
1912,1912,-33.3727358804224,-70.68958377961282
1913,1913,-33.40628104290728,-70.65551034163887
1914,1914,-33.40628104290728,-70.65551034163887
1915,1915,-33.61561969540148,-70.54185819240828
1929,1929,-33.45816319953261,-70.53629580165662
1930,1930,-33.55681195095977,-70.57974691807453
1931,1931,-33.48363635179904,-70.53249435839366
1933,1933,-33.43662297582572,-70.60251597583965
1937,1937,-33.452538512410975,-70.61953890141505
1938,1938,-33.556003680403904,-70.61381859467265
1939,1939,-33.556003680403904,-70.61381859467265
1940,1940,-33.556003680403904,-70.61381859467265
1942,1942,-33.3968362942051,-70.52121501992103
1950,1950,-33.43426846345818,-70.54955141651925
1951,1951,-33.43426846345818,-70.54955141651925
1953,1953,-33.59493809003159,-70.65167511537952
1954,1954,-33.449369267110214,-70.60061796723826
1958,1958,-33.553634851294525,-70.56082409199284
1959,1959,-33.553634851294525,-70.56082409199284
1966,1966,-33.38318932384684,-70.63470190715289
1967,1967,-33.38318932384684,-70.63470190715289
1969,1969,-33.343178987809225,-70.70851357881313
1974,1974,-33.409537681103075,-70.59685321011054
1975,1975,-33.409537681103075,-70.59685321011054
1983,1983,-33.486815899345096,-70.55140754167667
1987,1987,-33.374313750987085,-70.69904767477342
1988,1988,-33.374313750987085,-70.69904767477342
1989,1989,-33.60131887321757,-70.53429883960099
2006,2006,-33.44940792879921,-70.52306449301953
2008,2008,-33.474882907438136,-70.51926220012022
2013,2013,-33.57170672597204,-70.78620189412862
2015,2015,-33.45886924560366,-70.65739009335704
2021,2021,-33.51531542081538,-70.72176628783451
2022,2022,-33.51531542081538,-70.72176628783451
2026,2026,-33.49067969227971,-70.69146399806465
2027,2027,-33.49067969227971,-70.69146399806465
2028,2028,-33.485823221202835,-70.74070755279367
2029,2029,-33.425512197625345,-70.53631961671515
2030,2030,-33.425512197625345,-70.53631961671515
2033,2033,-33.44061802740186,-70.58737858940006
2034,2034,-33.44061802740186,-70.58737858940006
2037,2037,-33.598134425771306,-70.51537954509749
2038,2038,-33.544889314504566,-70.54758444068092
2039,2039,-33.544889314504566,-70.54758444068092
2042,2042,-33.389512777228155,-70.67254714647987
2043,2043,-33.34475520859706,-70.71797777841934
2045,2045,-33.41503007043096,-70.66875690451373
2050,2050,-33.583800251648455,-70.66304147735451
2051,2051,-33.583800251648455,-70.66304147735451
2052,2052,-33.583800251648455,-70.66304147735451
2054,2054,-33.40842103865067,-70.78615710280474
2055,2055,-33.40842103865067,-70.78615710280474
2062,2062,-33.438658927982196,-70.81079697075684
2071,2071,-33.60291012625179,-70.54375966013619
2072,2072,-33.48509768981349,-70.6971455629635
2075,2075,-33.608469629019986,-70.53807835434314
2078,2078,-33.5241515527406,-70.65737420373539
2083,2083,-33.420617533367256,-70.66307747922563
2089,2089,-33.4509983088079,-70.53251867401487
2090,2090,-33.40469977077538,-70.64604851983279
2093,2093,-33.59416551475018,-70.60812259455611
2094,2094,-33.59416551475018,-70.60812259455611
2095,2095,-33.40395343244831,-70.60253111102001
2096,2096,-33.40395343244831,-70.60253111102001
2099,2099,-33.4604503114611,-70.66685483130318
2101,2101,-33.57270799289911,-70.59677376912731
2102,2102,-33.57270799289911,-70.59677376912731
2111,2111,-33.487398721597586,-70.75017959480168
2114,2114,-33.442203805412376,-70.59683733024885
2115,2115,-33.442203805412376,-70.59683733024885
2123,2123,-33.38168023821425,-70.54769610063882
2124,2124,-33.39109202547788,-70.68201039346745
2125,2125,-33.35996888960377,-70.69147788479043
2126,2126,-33.35996888960377,-70.69147788479043
2129,2129,-33.41660986250296,-70.67822083461279
2130,2130,-33.41660986250296,-70.67822083461279
2136,2136,-33.58538226356385,-70.6725114005301
2137,2137,-33.58538226356385,-70.6725114005301
2153,2153,-33.382193401263066,-70.74637873922694
2154,2154,-33.59416742821345,-70.53051964817328
2155,2155,-33.48667624590449,-70.70661429907715
2156,2156,-33.610060693893,-70.54753973567371
2158,2158,-33.31605200273536,-70.7028370138469
2163,2163,-33.407952263053474,-70.58739570891001
2164,2164,-33.407952263053474,-70.58739570891001
2177,2177,-33.585426872811105,-70.59487450716965
2182,2182,-33.40553774631413,-70.6119896088757
2183,2183,-33.40553774631413,-70.6119896088757
2184,2184,-33.40553774631413,-70.6119896088757
2185,2185,-33.40553774631413,-70.6119896088757
2189,2189,-33.451704907111335,-70.65360610311336
2192,2192,-33.57429454707171,-70.60623825085395
2201,2201,-33.47866177151308,-70.73691845381596
2204,2204,-33.39284518607614,-70.53634342552957
2206,2206,-33.56158398258242,-70.53054423348254
2208,2208,-33.570132868383126,-70.7767239359354
2209,2209,-33.570132868383126,-70.7767239359354
2212,2212,-33.38234200194758,-70.66876335433344
2214,2214,-33.36154648804963,-70.70094143815506
2216,2216,-33.40786166882643,-70.66497293876634
2224,2224,-33.4891000283223,-70.68199625198734
2229,2229,-33.38002372407642,-70.61578394255228
2233,2233,-33.60687791673803,-70.52861775493565
2238,2238,-33.477935982505244,-70.69335893014832
2239,2239,-33.477935982505244,-70.69335893014832
2248,2248,-33.5678298480666,-70.72366177688791
2258,2258,-33.437088212514276,-70.80132223818754
2262,2262,-33.41244434745106,-70.77100408420308
2263,2263,-33.41244434745106,-70.77100408420308
2265,2265,-33.49318628249696,-70.5116826486916
2266,2266,-33.57897904427583,-70.71229383940923
2267,2267,-33.39678372480345,-70.59875105534012
2270,2270,-33.4532861608974,-70.66307028262983
2271,2271,-33.56555410608819,-70.59299147347441
2272,2272,-33.56555410608819,-70.59299147347441
2279,2279,-33.41903663541531,-70.65361454078824
2280,2280,-33.41903663541531,-70.65361454078824
2281,2281,-33.394434010689636,-70.54579647057868
2283,2283,-33.358390645036856,-70.6820151048213
2287,2287,-33.56317506794961,-70.540003253162
2290,2290,-33.38392143725034,-70.67822604341816
2291,2291,-33.352795429048285,-70.6876934731979
2292,2292,-33.352795429048285,-70.6876934731979
2296,2296,-33.41646512967291,-70.75585224153778
2297,2297,-33.41646512967291,-70.75585224153778
2300,2300,-33.43149335934866,-70.8070046474262
2312,2312,-33.37502225254374,-70.74259089709957
2320,2320,-33.592992803189986,-70.87533643426458
2321,2321,-33.380091688102894,-70.53824339482591
2342,2342,-33.561572744764305,-70.60813700395002
2343,2343,-33.561572744764305,-70.60813700395002
2351,2351,-33.38567418259251,-70.53256728613216
2352,2352,-33.38567418259251,-70.53256728613216
2354,2354,-33.39278205766586,-70.6138868596386
2361,2361,-33.39911176717145,-70.65172725657189
2362,2362,-33.354373214413506,-70.69715646906185
2363,2363,-33.354373214413506,-70.69715646906185
2365,2365,-33.42462267989066,-70.64793531368052
2366,2366,-33.42462267989066,-70.64793531368052
2367,2367,-33.518575308860235,-70.66305588377209
2373,2373,-33.58455220208316,-70.70660984077088
2389,2389,-33.612435999739894,-70.52293665400771
2390,2390,-33.49468061176142,-70.67631488392952
2393,2393,-33.5097340003973,-70.7274489898205
2394,2394,-33.5097340003973,-70.7274489898205
2407,2407,-33.47393080605988,-70.70850863390842
2408,2408,-33.46055544333273,-70.51170969217075
2409,2409,-33.46055544333273,-70.51170969217075
2411,2411,-33.413535093383594,-70.58171800954263
2412,2412,-33.60528555727359,-70.51915793787016
2413,2413,-33.37904348255953,-70.72744399740404
2416,2416,-33.35131054444158,-70.29083947879305
2428,2428,-33.58985657272552,-70.85636633649257
2434,2434,-33.385611350043455,-70.61010633128785
2437,2437,-33.40069258009892,-70.66118929547875
2438,2438,-33.40069258009892,-70.66118929547875
2439,2439,-33.40069258009892,-70.66118929547875
2441,2441,-33.42620403707481,-70.65739803504144
2442,2442,-33.42620403707481,-70.65739803504144
2443,2443,-33.410871114789316,-70.76153332950445
2444,2444,-33.410871114789316,-70.76153332950445
2445,2445,-33.319458261440595,-70.56664352221206
2447,2447,-33.520156621224615,-70.6725233221012
2448,2448,-33.520156621224615,-70.6725233221012
2451,2451,-33.57265857214039,-70.67440776364879
2452,2452,-33.58613115394325,-70.71608307977
2458,2458,-33.38802800115719,-70.5855147203307
2462,2462,-33.50748797984009,-70.59680555802632
2463,2463,-33.50748797984009,-70.59680555802632
2465,2465,-33.40385226704018,-70.68011569795564
2466,2466,-33.40385226704018,-70.68011569795564
2467,2467,-33.40385226704018,-70.68011569795564
2471,2471,-33.36714166365765,-70.69526261864621
2472,2472,-33.36714166365765,-70.69526261864621
2473,2473,-33.496260735083865,-70.68578241369704
2476,2476,-33.511310689024334,-70.73692094553206
2477,2477,-33.511310689024334,-70.73692094553206
2478,2478,-33.38793288271533,-70.66308467393371
2490,2490,-33.276381585435765,-70.54398789460846
2493,2493,-33.49238809263655,-70.54572874179676
2494,2494,-33.41512097054487,-70.59117529161615
2495,2495,-33.55761067957601,-70.54568355965856
2502,2502,-33.58063427933279,-70.64410395968201
2503,2503,-33.648960915119645,-70.66302706337116
2504,2504,-33.591425014906854,-70.86585100195785
2505,2505,-33.38885155730263,-70.5514730368891
2506,2506,-33.38885155730263,-70.5514730368891
2510,2510,-33.40241591124621,-70.51553886262636
2511,2511,-33.691005638739696,-70.71987340656891
2512,2512,-33.474650743019716,-70.75207230358065
2517,2517,-33.56237867725358,-70.57406596752867
2518,2518,-33.56237867725358,-70.57406596752867
2524,2524,-33.391941804728106,-70.64794449397819
2529,2529,-33.41745509105954,-70.64415237783797
2531,2531,-33.55998646122308,-70.59867286298437
2533,2533,-33.51141660370954,-70.65927066518617
2534,2534,-33.51141660370954,-70.65927066518617
2537,2537,-33.577399901437616,-70.70282115870133
2538,2538,-33.4572875325448,-70.64792613097421
2543,2543,-33.38961333138835,-70.5949713222709
2545,2545,-33.3911980169664,-70.60442870218
2546,2546,-33.3911980169664,-70.60442870218
2548,2548,-33.50907382624441,-70.6062675577698
2549,2549,-33.50907382624441,-70.6062675577698
2551,2551,-33.58144755539124,-70.61002142936155
2552,2552,-33.58144755539124,-70.61002142936155
2553,2553,-33.48761642630942,-70.51736080167234
2554,2554,-33.48751971610743,-70.67252928054037
2557,2557,-33.50257474147513,-70.72366027356702
2576,2576,-33.49397735741957,-70.55518628408772
2577,2577,-33.40636620017728,-70.57793898613674
2581,2581,-33.566327706317736,-70.63653409584491
2595,2595,-33.47235252020974,-70.69904024002822
2596,2596,-33.563966715449936,-70.58352833071139
2597,2597,-33.563966715449936,-70.58352833071139
2602,2602,-33.3935228044707,-70.65740597464269
2603,2603,-33.3935228044707,-70.65740597464269
2604,2604,-33.59019790477261,-70.54566095969739
2608,2608,-33.51299810511379,-70.66873754489824
2609,2609,-33.51299810511379,-70.66873754489824
2610,2610,-33.51299810511379,-70.66873754489824
2611,2611,-33.51299810511379,-70.66873754489824
2620,2620,-33.38085673683669,-70.5817358689958
2627,2627,-33.500327957225174,-70.59302425333152
2628,2628,-33.3840271235697,-70.60064873270773
2629,2629,-33.3840271235697,-70.60064873270773
2633,2633,-33.62753919168624,-70.5740282057128
2634,2634,-33.50415162022511,-70.73313167162189
2635,2635,-33.50415162022511,-70.73313167162189
2636,2636,-33.39565517037708,-70.78804786251052
2638,2638,-33.317871728913275,-70.55719173331254
2641,2641,-33.571076829530206,-70.6649381823967
2649,2649,-33.608168053106546,-70.84878946904766
2655,2655,-33.48522644820836,-70.54195055954918
2657,2657,-33.402272746796775,-70.67065210941368
2658,2658,-33.402272746796775,-70.67065210941368
2661,2661,-33.36556360599523,-70.6857992810704
2662,2662,-33.36556360599523,-70.6857992810704
2663,2663,-33.36556360599523,-70.6857992810704
2664,2664,-33.4404071272253,-70.74259736788412
2665,2665,-33.4404071272253,-70.74259736788412
2671,2671,-33.597336839856894,-70.62705569480359
2674,2674,-33.39524572386638,-70.51176375785926
2679,2679,-33.555223724689405,-70.57028511497035
2683,2683,-33.556020053407806,-70.53622431899218
2687,2687,-33.425356346550814,-70.69147094324931
2688,2688,-33.52814395724984,-70.64222627693232
2694,2694,-33.594115115543715,-70.68576975154218
2696,2696,-33.387263191700946,-70.54201977133349
2697,2697,-33.387263191700946,-70.54201977133349
2702,2702,-33.47307551208904,-70.74260060455019
2703,2703,-33.382442252425605,-70.59119191180395
2710,2710,-33.50191399121546,-70.6024856935659
2715,2715,-33.56872694378692,-70.61192009606098
2716,2716,-33.56872694378692,-70.61192009606098
2717,2717,-33.56872694378692,-70.61192009606098
2720,2720,-33.4954147923597,-70.71987187985714
2721,2721,-33.618800800597434,-70.56078285799559
2722,2722,-33.46603289597066,-70.66117440621335
2723,2723,-33.51931762434899,-70.70661281336515
2724,2724,-33.51931762434899,-70.70661281336515
2731,2731,-33.399952079353874,-70.61766771054889
2732,2732,-33.399952079353874,-70.61766771054889
2736,2736,-33.420740769847264,-70.50796145293
2738,2738,-33.57986119009276,-70.60055638785293
2742,2742,-33.414290064036784,-70.62523038008142
2743,2743,-33.414290064036784,-70.62523038008142
2746,2746,-33.441982008179465,-70.75206782386162
2751,2751,-33.585147325025474,-70.8279169454119
2752,2752,-33.585147325025474,-70.8279169454119
2764,2764,-33.35698332673064,-70.51746595604236
2773,2773,-33.426934656638636,-70.70093697942288
2776,2776,-33.52972683671449,-70.65169250489983
2777,2777,-33.52972683671449,-70.65169250489983
2784,2784,-33.59569563690322,-70.6952417842551
2786,2786,-33.614028171265666,-70.53239703210012
2787,2787,-33.48109282443133,-70.71229606003592
2788,2788,-33.48109282443133,-70.71229606003592
2791,2791,-33.4339448324474,-70.78237508003077
2796,2796,-33.386214319820404,-70.73123104772986
2798,2798,-33.517045665830004,-70.57598445193453
2803,2803,-33.49699186104018,-70.72934272023316
2804,2804,-33.49699186104018,-70.72934272023316
2807,2807,-33.52089588143816,-70.71608356577563
2827,2827,-33.57981144447657,-70.67819477007417
2828,2828,-33.57981144447657,-70.67819477007417
2829,2829,-33.454978845072304,-70.94920928052898
2831,2831,-33.41587290052499,-70.63469099079553
2835,2835,-33.43324141946751,-70.73880885369249
2836,2836,-33.43324141946751,-70.73880885369249
2837,2837,-33.43324141946751,-70.73880885369249
2842,2842,-33.58461834048825,-70.62895384741503
2846,2846,-33.411020981126896,-70.68390045730138
2847,2847,-33.411020981126896,-70.68390045730138
2848,2848,-33.59018540128137,-70.62327131055642
2849,2849,-33.649722479221836,-70.70660686661525
2851,2851,-33.40319214084783,-70.55902787754806
2853,2853,-33.3951031581918,-70.66686823046288
2854,2854,-33.3951031581918,-70.66686823046288
2856,2856,-33.571919645132894,-70.55324287230414
2867,2867,-33.41818900770445,-70.68768553906321
2868,2868,-33.41818900770445,-70.68768553906321
2870,2870,-33.52098606436012,-70.63844208932136
2871,2871,-33.52098606436012,-70.63844208932136
2872,2872,-33.52098606436012,-70.63844208932136
2873,2873,-33.52098606436012,-70.63844208932136
2877,2877,-33.540911753403165,-70.56272437914038
2887,2887,-33.44619743841118,-70.58170014540511
2890,2890,-33.42152235139843,-70.55145121087666
2891,2891,-33.51863307750751,-70.5854452342654
2893,2893,-33.4818125028234,-70.75586219474783
2897,2897,-33.48825415327154,-70.7160838086828
2899,2899,-33.51215917619634,-70.70282512560897
2900,2900,-33.51215917619634,-70.70282512560897
2909,2909,-33.567140848942444,-70.60245539539768
2910,2910,-33.567140848942444,-70.60245539539768
2915,2915,-33.46445137082545,-70.6517098852949
2926,2926,-33.43481648967221,-70.74827875254108
2928,2928,-33.575880453027,-70.61570351119347
2929,2929,-33.575880453027,-70.61570351119347
2933,2933,-33.47090109923413,-70.53439516402139
2936,2936,-33.64099585202238,-70.69334279603781
2938,2938,-33.45498216585084,-70.51738710060559
2939,2939,-33.40477949270015,-70.56848304220985
2941,2941,-33.349808903399044,-70.51369143035188
2943,2943,-33.573509249167316,-70.56270401508166
2950,2950,-33.52256913262692,-70.64790775833205
2951,2951,-33.52256913262692,-70.64790775833205
2953,2953,-33.3606778922569,-70.73501617931935
2956,2956,-33.39386957265512,-70.85625732250558
2958,2958,-33.426778693479264,-70.77858442589678
2959,2959,-33.426778693479264,-70.77858442589678
2960,2960,-33.44179840866926,-70.82974874075416
2963,2963,-33.54623725231185,-70.78998572421384
2965,2965,-33.5098864571402,-70.57220418058574
2966,2966,-33.5098864571402,-70.57220418058574
2972,2972,-33.479514727726425,-70.70282710828198
2973,2973,-33.479514727726425,-70.70282710828198
2975,2975,-33.513737623170705,-70.71229532002131
3000,3000,-33.45000907608298,-70.72176528227287
3001,3001,-33.37609632565728,-70.55337241333432
3005,3005,-33.598103301903215,-70.67061486933129
3006,3006,-33.598103301903215,-70.67061486933129
3007,3007,-33.402824186872785,-70.7918385752881
3009,3009,-33.642576335953486,-70.70281718971012
3012,3012,-33.57822989201526,-70.66872463001759
3014,3014,-33.39602219158806,-70.555250295856
3015,3015,-33.39602219158806,-70.555250295856
3016,3016,-33.35139883207706,-70.52314111600072
3018,3018,-33.56476550668174,-70.54946305439192
3024,3024,-33.40944164830789,-70.67443631079423
3025,3025,-33.52889492191154,-70.68577819408661
3028,3028,-33.34877658046757,-70.70283503377325
3035,3035,-33.428350898197166,-70.78805706380835
3036,3036,-33.44336717344155,-70.83922577733212
3041,3041,-33.51147405616595,-70.5816644030696
3042,3042,-33.51147405616595,-70.5816644030696
3047,3047,-33.50500003798692,-70.69903776047889
3048,3048,-33.50500003798692,-70.69903776047889
3049,3049,-33.50500003798692,-70.69903776047889
3051,3051,-33.539322504853466,-70.55326447663685
3052,3052,-33.520044915526064,-70.75018382744908
3056,3056,-33.624293913600646,-70.71039785619884
3059,3059,-33.45494863696922,-70.59493906750102
3064,3064,-33.41993362237751,-70.54199670678835
3066,3066,-33.48023746188362,-70.74638993846467
3073,3073,-33.45158552443099,-70.73123453726176
3074,3074,-33.45158552443099,-70.73123453726176
3075,3075,-33.45158552443099,-70.73123453726176
3079,3079,-33.54327776571014,-70.61571692521464
3080,3080,-33.54327776571014,-70.61571692521464
3084,3084,-33.55201837274236,-70.62896552380177
3085,3085,-33.55201837274236,-70.62896552380177
3087,3087,-33.599684932974654,-70.6800859102626
3091,3091,-33.36655813377061,-70.49666656708791
3092,3092,-33.36655813377061,-70.49666656708791
3093,3093,-33.43262540087766,-70.61765456001427
3097,3097,-33.370427799378206,-70.63659814095412
3098,3098,-33.33040497798432,-70.71040675186362
3101,3101,-33.587013697449585,-70.60433932965974
3102,3102,-33.587013697449585,-70.60433932965974
3103,3103,-33.46931063111257,-70.52494008350811
3106,3106,-33.35350468113482,-70.7312293036505
3110,3110,-33.46373739513077,-70.53061795072406
3111,3111,-33.46373739513077,-70.53061795072406
3112,3112,-33.555938851463566,-70.69145704923353
3113,3113,-33.555938851463566,-70.69145704923353
3115,3115,-33.41961186507325,-70.77479409395681
3116,3116,-33.41961186507325,-70.77479409395681
3122,3122,-33.561247971324505,-70.84117951788309
3123,3123,-33.53908171289996,-70.78619293115928
3124,3124,-33.517817984268405,-70.61951308216224
3125,3125,-33.517817984268405,-70.61951308216224
3131,3131,-33.50657867465407,-70.70850739687103
3132,3132,-33.5216201136073,-70.7596578846344
3138,3138,-33.554250591388325,-70.75966336239148
3145,3145,-33.538364129746896,-70.74260708043158
3146,3146,-33.538364129746896,-70.74260708043158
3149,3149,-33.43666646998416,-70.52496538750714
3153,3153,-33.63118071164424,-70.86966900101368
3160,3160,-33.59575886921643,-70.53997990789212
3161,3161,-33.37832913830087,-70.6839049211663
3163,3163,-33.442844179163245,-70.71797779543877
3165,3165,-33.3504495179846,-70.24744733863464
3168,3168,-33.54486267129383,-70.62518172218213
3181,3181,-33.384855407637936,-70.5666038520335
3182,3182,-33.368149439200835,-70.50611558820745
3183,3183,-33.368149439200835,-70.50611558820745
3184,3184,-33.53216529928323,-70.5494851536169
3192,3192,-33.33198092652911,-70.71987060943255
3194,3194,-33.56309322590841,-70.69524476294079
3195,3195,-33.56309322590841,-70.69524476294079
3196,3196,-33.52173728496815,-70.6819915356862
3197,3197,-33.52173728496815,-70.6819915356862
3199,3199,-33.355079421336626,-70.74069560392374
3210,3210,-33.46292991449034,-70.56466471012315
3211,3211,-33.46292991449034,-70.56466471012315
3213,3213,-33.44369680117836,-70.68389599226514
3214,3214,-33.44369680117836,-70.68389599226514
3215,3215,-33.5194023481655,-70.62897719712446
3216,3216,-33.5194023481655,-70.62897719712446
3218,3218,-33.35752684650744,-70.71608477967406
3222,3222,-33.38719493162146,-70.61956470712484
3223,3223,-33.49784020994119,-70.69525071796681
3224,3224,-33.49784020994119,-70.69525071796681
3226,3226,-33.51288672785572,-70.74639367350393
3231,3231,-33.68544279435428,-70.72556009590232
3235,3235,-33.548068083332595,-70.56650458551039
3236,3236,-33.548068083332595,-70.56650458551039
3238,3238,-33.57642438642837,-70.81464038927945
3239,3239,-33.43825657614669,-70.53441922933919
3246,3246,-33.453362586265804,-70.5854799864112
3250,3250,-33.42868992946346,-70.5552289641955
3251,3251,-33.42868992946346,-70.5552289641955
3253,3253,-33.44442081652395,-70.7274464929572
3256,3256,-33.53612118623156,-70.61193400592043
3257,3257,-33.53612118623156,-70.61193400592043
3261,3261,-33.5925339439567,-70.67629849394234
3266,3266,-33.35938452721769,-70.49289307642604
3267,3267,-33.53375473512129,-70.55894449585179
3268,3268,-33.550433655900584,-70.61950016745391
3271,3271,-33.59655535718432,-70.58351069320287
3274,3274,-33.456534041840655,-70.60439892696961
3278,3278,-33.52331729986588,-70.69146052410508
3280,3280,-33.43104118685366,-70.60819460372979
3284,3284,-33.386913421318496,-70.77478663361136
3285,3285,-33.35057793200025,-70.55717066267567
3288,3288,-33.58066251071519,-70.56648471657623
3289,3289,-33.47806411700046,-70.53817270029357
3290,3290,-33.464517529087885,-70.57412257310867
3291,3291,-33.464517529087885,-70.57412257310867
3292,3292,-33.55582548419941,-70.76913943506143
3293,3293,-33.510659025605,-70.61573033571607
3294,3294,-33.510659025605,-70.61573033571607
3295,3295,-33.510659025605,-70.61573033571607
3296,3296,-33.510659025605,-70.61573033571607
3299,3299,-33.46214674144283,-70.52116343056326
3300,3300,-33.46214674144283,-70.52116343056326
3309,3309,-33.5144621166672,-70.75586717331264
3326,3326,-33.42949952232902,-70.52118922862398
3327,3327,-33.42949952232902,-70.52118922862398
3332,3332,-33.624033576478865,-70.86587043444186
3339,3339,-33.45072087980103,-70.76532900158253
3347,3347,-33.387078368791975,-70.6971537436102
3353,3353,-33.36097601593642,-70.50234153725819
3357,3357,-33.598143100492955,-70.59297507709324
3361,3361,-33.369578200579234,-70.6706583103961
3362,3362,-33.369578200579234,-70.6706583103961
3367,3367,-33.47402965178746,-70.63088610339206
3368,3368,-33.47402965178746,-70.63088610339206
3369,3369,-33.383268144801235,-70.55714958651411
3370,3370,-33.5384658931133,-70.6649451373196
3377,3377,-33.563923076328074,-70.66115205765905
3378,3378,-33.563923076328074,-70.66115205765905
3381,3381,-33.388485464974615,-70.78425747181994
3384,3384,-33.561513051824626,-70.68577397336848
3385,3385,-33.455765581178134,-70.56088590243309
3386,3386,-33.55739972574645,-70.77861627879344
3388,3388,-33.51224357769629,-70.62519389144492
3393,3393,-33.58304545739816,-70.54188129328227
3396,3396,-33.44211711319698,-70.67443060436118
3397,3397,-33.465189623575405,-70.69525369430778
3400,3400,-33.355950353641376,-70.70662023802782
3403,3403,-33.395948203527595,-70.63280550552562
3408,3408,-33.56927181004809,-70.81084574946135
3409,3409,-33.43108981350771,-70.53064251025093
3410,3410,-33.43108981350771,-70.53064251025093
3415,3415,-33.39582589040156,-70.7104047768645
3418,3418,-33.452294272958085,-70.7748015562605
3420,3420,-33.54647902226395,-70.55704412275934
3421,3421,-33.54647902226395,-70.55704412275934
3424,3424,-33.5528313841334,-70.59489065360559
3434,3434,-33.61600734830255,-70.89622113589067
3435,3435,-33.42710138569655,-70.54577390023832
3436,3436,-33.42710138569655,-70.54577390023832
3438,3438,-33.367335546520295,-70.54014319625405
3439,3439,-33.367335546520295,-70.54014319625405
3440,3440,-33.46347442682575,-70.76343697170068
3441,3441,-33.46347442682575,-70.76343697170068
3442,3442,-33.58940366305036,-70.57972878512433
3446,3446,-33.371157363544896,-70.68012065801327
3447,3447,-33.371157363544896,-70.68012065801327
3449,3449,-33.47561274265098,-70.64034941324888
3450,3450,-33.47561274265098,-70.64034941324888
3451,3451,-33.47561274265098,-70.64034941324888
3453,3453,-33.54004728622155,-70.67441347607509
3454,3454,-33.54004728622155,-70.67441347607509
3460,3460,-33.55917338449027,-70.63274964835325
3461,3461,-33.55917338449027,-70.63274964835325
3462,3462,-33.55917338449027,-70.63274964835325
3464,3464,-33.56550500889491,-70.67062108008487
3465,3465,-33.46528270112882,-70.61764140602969
3466,3466,-33.37974283826147,-70.77099712142746
3469,3469,-33.54867075382141,-70.76534766846088
3470,3470,-33.43979167633664,-70.62143622887335
3471,3471,-33.52737798775383,-70.59868850966235
3478,3478,-33.57907309470969,-70.55702301340379
3479,3479,-33.476473834638455,-70.52871705944871
3480,3480,-33.46676809837813,-70.70472153029225
3483,3483,-33.63542949977979,-70.69902783577017
3497,3497,-33.39740255135246,-70.7198711174024
3500,3500,-33.4599292444682,-70.89990173792954
3502,3502,-33.44355624027642,-70.7615390509768
3507,3507,-33.55441785617886,-70.60435423485218
3510,3510,-33.56140482132457,-70.76345489417578
3511,3511,-33.56140482132457,-70.76345489417578
3520,3520,-33.54551993439904,-70.74639740952381
3521,3521,-33.54551993439904,-70.74639740952381
3527,3527,-33.590991595187866,-70.58919260891571
3529,3529,-33.362405552581095,-70.66687492740695
3531,3531,-33.46686662638456,-70.62710338002003
3532,3532,-33.46686662638456,-70.62710338002003
3533,3533,-33.46686662638456,-70.62710338002003
3534,3534,-33.385500226273365,-70.68768950665088
3535,3535,-33.385500226273365,-70.68768950665088
3537,3537,-33.53130906781841,-70.66115950913233
3543,3543,-33.556768632628426,-70.65736625579655
3544,3544,-33.556768632628426,-70.65736625579655
3545,3545,-33.556768632628426,-70.65736625579655
3549,3549,-33.47249092249915,-70.54385102575891
3552,3552,-33.528963917684955,-70.60815140956285
3553,3553,-33.528963917684955,-70.60815140956285
3558,3558,-33.45802603804456,-70.69146747111259
3562,3562,-33.626701103840155,-70.68576552860735
3564,3564,-33.57024690930626,-70.69903279942734
3565,3565,-33.57024690930626,-70.69903279942734
3568,3568,-33.35779239652257,-70.48344539799453
3578,3578,-33.450861763838425,-70.6876815704344
3588,3588,-33.39436545326136,-70.6233457942271
3589,3589,-33.39436545326136,-70.6233457942271
3590,3590,-33.44512982329212,-70.77101104880623
3594,3594,-33.54567561789322,-70.59110876725292
3604,3604,-33.363984902228154,-70.67633671718355
3608,3608,-33.44542265317079,-70.53819627131747
3609,3609,-33.532890650336476,-70.67062728920833
3611,3611,-33.37099849761745,-70.75773897602224
3614,3614,-33.41194857141317,-70.57226150618885
3616,3616,-33.39653363474098,-70.75395538999616
3619,3619,-33.49054777324795,-70.76912599291062
3623,3623,-33.47408010068143,-70.5533076683024
3627,3627,-33.52021984240296,-70.59490679580503
3633,3633,-33.557588856582896,-70.62328373264658
3634,3634,-33.557588856582896,-70.62328373264658
3635,3635,-33.46369812938208,-70.60818020945128
3641,3641,-33.349024968796,-70.47022645550523
3643,3643,-33.438207649023475,-70.61197571360636
3650,3650,-33.58781508297655,-70.57026574124559
3651,3651,-33.510689555818175,-70.53814912308663
3652,3652,-33.510689555818175,-70.53814912308663
3658,3658,-33.46032515347647,-70.74449348841482
3665,3665,-33.34181533446867,-70.5439422955781
3674,3674,-33.36175063394024,-70.54581903500186
3675,3675,-33.36175063394024,-70.54581903500186
3678,3678,-33.607679999882095,-70.57214680984704
3682,3682,-33.48360161038141,-70.6100638970307
3683,3683,-33.4986790045913,-70.66116695865018
3684,3684,-33.4986790045913,-70.66116695865018
3688,3688,-33.3725715669351,-70.7672079313373
3689,3689,-33.3725715669351,-70.7672079313373
3692,3692,-33.564672750126526,-70.70471632699999
3695,3695,-33.39810724544555,-70.76342503122247
3697,3697,-33.49212132405538,-70.77860034816396
3700,3700,-33.465327404170246,-70.54007325223513
3701,3701,-33.465327404170246,-70.54007325223513
3705,3705,-33.52180596029056,-70.60436913613357
3709,3709,-33.59654123181236,-70.50592107196648
3710,3710,-33.474776547412745,-70.67442489643071
3711,3711,-33.474776547412745,-70.67442489643071
3712,3712,-33.474776547412745,-70.67442489643071
3716,3716,-33.63459892660167,-70.73313965421495
3731,3731,-33.40543114060435,-70.68958006068335
3735,3735,-33.46190011477921,-70.75396484447059
3736,3736,-33.46190011477921,-70.75396484447059
3737,3737,-33.568666925609,-70.68956145139127
3738,3738,-33.55360244129452,-70.6384316575889
3739,3739,-33.55360244129452,-70.6384316575889
3749,3749,-33.449282264023466,-70.67821562444065
3750,3750,-33.449282264023466,-70.67821562444065
3752,3752,-33.37691265821113,-70.51934032505874
3753,3753,-33.37691265821113,-70.51934032505874
3756,3756,-33.496368956752356,-70.53059338475538
3757,3757,-33.59893980933502,-70.55890277218091
3760,3760,-33.485186266658324,-70.6195259934822
3761,3761,-33.485186266658324,-70.6195259934822
3763,3763,-33.50026023549957,-70.6706334967023
3764,3764,-33.50026023549957,-70.6706334967023
3766,3766,-33.36382634986822,-70.75395066461932
3769,3769,-33.56625162425416,-70.71418866512332
3771,3771,-33.38936386206961,-70.75016690352317
3772,3772,-33.38936386206961,-70.75016690352317
3776,3776,-33.54938194225515,-70.8089425750282
3777,3777,-33.54938194225515,-70.8089425750282
3779,3779,-33.48759225690343,-70.59492293376962
3786,3786,-33.45417713522349,-70.55142937913993
3788,3788,-33.47635658899242,-70.68389152605724
3789,3789,-33.47635658899242,-70.68389152605724
3790,3790,-33.47635658899242,-70.68389152605724
3791,3791,-33.47635658899242,-70.68389152605724
3793,3793,-33.41036140485937,-70.56280578197384
3812,3812,-33.40700936726459,-70.69904519717524
3813,3813,-33.40700936726459,-70.69904519717524
3815,3815,-33.45316132417893,-70.7407045644002
3816,3816,-33.45316132417893,-70.7407045644002
3821,3821,-33.42304067631969,-70.63847336809992
3827,3827,-33.58622585519248,-70.56080347769937
3828,3828,-33.509098913620264,-70.52869224308846
3829,3829,-33.509098913620264,-70.52869224308846
3833,3833,-33.37850249469315,-70.5287914694933
3834,3834,-33.37850249469315,-70.5287914694933
3835,3835,-33.54250035524371,-70.57218506202386
3836,3836,-33.49795932613928,-70.54004992533109
3841,3841,-33.60052930799802,-70.56836537591248
3845,3845,-33.47643939829723,-70.6062822054613
3846,3846,-33.47643939829723,-70.6062822054613
3849,3849,-33.491518420620764,-70.65738214958863
3850,3850,-33.491518420620764,-70.65738214958863
3860,3860,-33.484960635514156,-70.77480902052315
3863,3863,-33.47326777172553,-70.58736146539923
3864,3864,-33.47326777172553,-70.58736146539923
3866,3866,-33.48917801906688,-70.60438403350554
3873,3873,-33.46761377370663,-70.67063970256739
3874,3874,-33.46761377370663,-70.67063970256739
3875,3875,-33.537631504125066,-70.69903528027868
3876,3876,-33.537631504125066,-70.69903528027868
3879,3879,-33.42520583963158,-70.76911255781553
3880,3880,-33.42520583963158,-70.76911255781553
3887,3887,-33.3687190749909,-70.70472672948955
3888,3888,-33.3687190749909,-70.70472672948955
3891,3891,-33.58671772756144,-70.83739930779318
3892,3892,-33.58671772756144,-70.83739930779318
3901,3901,-33.39826192667,-70.68579506588645
3902,3902,-33.39826192667,-70.68579506588645
3907,3907,-33.45473647510249,-70.75017536326519
3909,3909,-33.546446928795476,-70.63464729671635
3910,3910,-33.546446928795476,-70.63464729671635
3918,3918,-33.369740102219716,-70.51556539118535
3919,3919,-33.369740102219716,-70.51556539118535
3920,3920,-33.369740102219716,-70.51556539118535
3921,3921,-33.54408831014904,-70.5816465248679
3924,3924,-33.606880821398285,-70.60622359162659
3927,3927,-33.632303474706454,-70.60242508132251
3931,3931,-33.49309984019874,-70.66684812908613
3932,3932,-33.49309984019874,-70.66684812908613
3934,3934,-33.434101119320495,-70.70472326381278
3939,3939,-33.356811754573506,-70.67255309866906
3941,3941,-33.397226376108314,-70.79752002632895
3942,3942,-33.50014405003507,-70.74828671811551
3943,3943,-33.37759982060884,-70.64037993617758
3944,3944,-33.603276054592655,-70.89810933206634
3946,3946,-33.47485390812648,-70.59682144622134
3947,3947,-33.47485390812648,-70.59682144622134
3951,3951,-33.480430358062186,-70.59114203816038
3959,3959,-33.42936481138265,-70.67632580342068
3960,3960,-33.42936481138265,-70.67632580342068
3967,3967,-33.452588044358045,-70.54197363619437
3970,3970,-33.419116964462084,-70.57604029288892
3972,3972,-33.58828747686928,-70.84688243829551
3977,3977,-33.50486745924824,-70.77670850141305
3996,3996,-33.4469572646924,-70.62521822039332
3997,3997,-33.4469572646924,-70.62521822039332
4002,4002,-33.37133012260097,-70.52501597560445
4003,4003,-33.37133012260097,-70.52501597560445
4004,4004,-33.42145802658703,-70.62901219872035
4005,4005,-33.42145802658703,-70.62901219872035
4006,4006,-33.535343524457865,-70.56840461859308
4010,4010,-33.41829078953753,-70.61009219024548
4011,4011,-33.41829078953753,-70.61009219024548
4012,4012,-33.6338902709866,-70.61189226538743
4013,4013,-33.57112079073501,-70.58731006643391
4014,4014,-33.57112079073501,-70.58731006643391
4015,4015,-33.51784882454507,-70.54192747685032
4017,4017,-33.48435714780504,-70.65359766322443
4018,4018,-33.48435714780504,-70.65359766322443
4019,4019,-33.50825165656162,-70.64033923359959
4020,4020,-33.50825165656162,-70.64033923359959
4028,4028,-33.34899039036991,-70.54771841506711
4029,4029,-33.50171916990086,-70.75775987477519
4031,4031,-33.4661044981147,-70.5835812154777
4034,4034,-33.482016307440844,-70.60060257845008
4040,4040,-33.45053147905705,-70.8430200907581
4041,4041,-33.47550844337682,-70.71797780111488
4042,4042,-33.47550844337682,-70.71797780111488
4043,4043,-33.47550844337682,-70.71797780111488
4047,4047,-33.43094422805654,-70.6857908495965
4058,4058,-33.546366366220774,-70.71229457981244
4059,4059,-33.57956623090258,-70.83360323226984
4060,4060,-33.57956623090258,-70.83360323226984
4063,4063,-33.423632336877944,-70.75964145998846
4064,4064,-33.423632336877944,-70.75964145998846
4070,4070,-33.40614752675814,-70.7331256901753
4072,4072,-33.37746755228008,-70.717977784091
4075,4075,-33.42205818544233,-70.75017113283917
4091,4091,-33.37368478738479,-70.57795734027603
4095,4095,-33.459458032685795,-70.7785923859855
4096,4096,-33.459458032685795,-70.7785923859855
4097,4097,-33.59973019543189,-70.60244024034927
4098,4098,-33.59973019543189,-70.60244024034927
4099,4099,-33.41987473091789,-70.61955180596216
4104,4104,-33.485938755860005,-70.66306308414558
4105,4105,-33.485938755860005,-70.66306308414558
4107,4107,-33.5098344541171,-70.64980456127951
4112,4112,-33.61556543484488,-70.6971346454101
4113,4113,-33.390056860076584,-70.79372907936272
4115,4115,-33.49298398078371,-70.74449697422418
4117,4117,-33.43252299744405,-70.69525666986783
4118,4118,-33.4071851389049,-70.54389667263453
4119,4119,-33.59612641716919,-70.89430959769416
4121,4121,-33.355232218438374,-70.66309186675478
4122,4122,-33.558973315805375,-70.78809389316298
4123,4123,-33.558973315805375,-70.78809389316298
4125,4125,-33.49715394963959,-70.57410370953193
4127,4127,-33.3863523421642,-70.65362297624998
4128,4128,-33.3863523421642,-70.65362297624998
4132,4132,-33.477085431936025,-70.72744774122502
4133,4133,-33.477085431936025,-70.72744774122502
4135,4135,-33.422197784690375,-70.67254119272911
4136,4136,-33.422197784690375,-70.67254119272911
4137,4137,-33.422197784690375,-70.67254119272911
4138,4138,-33.422197784690375,-70.67254119272911
4162,4162,-33.52877741933653,-70.76344891844889
4163,4163,-33.40772270421883,-70.74259413206737
4168,4168,-33.41752998340016,-70.56658400914175
4169,4169,-33.413315800375905,-70.73691347234531
4170,4170,-33.413315800375905,-70.73691347234531
4173,4173,-33.503293639713284,-70.76723380268233
4185,4185,-33.32269504015692,-70.50804400029116
4192,4192,-33.507507625996865,-70.51923614481295
4193,4193,-33.507507625996865,-70.51923614481295
4194,4194,-33.60131664177526,-70.6119061825505
4195,4195,-33.60131664177526,-70.6119061825505
4196,4196,-33.4557051725096,-70.63846294457579
4197,4197,-33.411122454100465,-70.60631148931901
4198,4198,-33.411122454100465,-70.60631148931901
4199,4199,-33.411122454100465,-70.60631148931901
4202,4202,-33.477195186364966,-70.6498134995493
4203,4203,-33.477195186364966,-70.6498134995493
4206,4206,-33.43020776509756,-70.64225606797564
4207,4207,-33.43020776509756,-70.64225606797564
4208,4208,-33.5010918850248,-70.63655545541835
4209,4209,-33.5010918850248,-70.63655545541835
4216,4216,-33.56953294080522,-70.57784714319388
4217,4217,-33.51625836884913,-70.53247003639413
4218,4218,-33.4945592910102,-70.7539695735692
4219,4219,-33.40877359394796,-70.55335083731622
4221,4221,-33.48283109279442,-70.56654430774302
4223,4223,-33.498741276624614,-70.58356359184698
4224,4224,-33.498741276624614,-70.58356359184698
4228,4228,-33.34740220580551,-70.53826694731528
4229,4229,-33.46834592485536,-70.71419013973127
4231,4231,-33.423777389159824,-70.68200568087748
4232,4232,-33.423777389159824,-70.68200568087748
4234,4234,-33.63700952413517,-70.70850244547277
4241,4241,-33.393654510508874,-70.50231327757058
4260,4260,-33.41489078914947,-70.74638247132658
4261,4261,-33.41489078914947,-70.74638247132658
4267,4267,-33.43237216829584,-70.77290265529193
4272,4272,-33.329872012594514,-70.51181779520661
4273,4273,-33.578270008535966,-70.51350387963144
4274,4274,-33.37589097501447,-70.70851234307342
4280,4280,-33.412706581820174,-70.6157705461159
4281,4281,-33.412706581820174,-70.6157705461159
4284,4284,-33.502674871012225,-70.64602022420404
4296,4296,-33.40001550492116,-70.54011988769419
4298,4298,-33.484418793541444,-70.57600307046883
4299,4299,-33.484418793541444,-70.57600307046883
4303,4303,-33.48999286489637,-70.57032384717311
4311,4311,-33.4389557957012,-70.65550215302284
4322,4322,-33.44126689363455,-70.70850987062121
4323,4323,-33.44126689363455,-70.70850987062121
4335,4335,-33.38477115579972,-70.64416205384953
4336,4336,-33.38477115579972,-70.64416205384953
4343,4343,-33.43008933400645,-70.7198713714873
4344,4344,-33.43008933400645,-70.7198713714873
4353,4353,-33.49234760323034,-70.62330856704901
4355,4355,-33.6303021449385,-70.90382174956264
4357,4357,-33.3314618488498,-70.5212665822346
4359,4359,-33.53750819881259,-70.77671621766105
4360,4360,-33.43585682177771,-70.5590070403243
4363,4363,-33.618006299203174,-70.59485835649551
4365,4365,-33.41117561575387,-70.52876667264856
4366,4366,-33.42787082200158,-70.58927702446232
4367,4367,-33.42787082200158,-70.58927702446232
4369,4369,-33.51202626566796,-70.78050023926258
4373,4373,-33.50900033515709,-70.68388705867713
4374,4374,-33.50900033515709,-70.68388705867713
4379,4379,-33.62276587900646,-70.62325888520523
4380,4380,-33.62276587900646,-70.62325888520523
4387,4387,-33.50242608997369,-70.80134413246275
4388,4388,-33.401604144846196,-70.54957349257008
4389,4389,-33.60415670844526,-70.86396168014396
4391,4391,-33.47566863355485,-70.56276509123319
4392,4392,-33.52791439917606,-70.79756182197397
4394,4394,-33.49158037885888,-70.57978316970413
4395,4395,-33.49158037885888,-70.57978316970413
4396,4396,-33.454122165723234,-70.62900053458256
4397,4397,-33.454122165723234,-70.62900053458256
4405,4405,-33.4286253023136,-70.63279433995214
4406,4406,-33.4286253023136,-70.63279433995214
4408,4408,-33.440536777962954,-70.66496599113995
4416,4416,-33.57827417659526,-70.59109212525051
4417,4417,-33.50113812830021,-70.5589653494783
4429,4429,-33.41575509736182,-70.71229753948258
4430,4430,-33.41575509736182,-70.71229753948258
4432,4432,-33.43166570083751,-70.7293397265336
4442,4442,-33.449635723513694,-70.87714159091142
4443,4443,-33.457695093636815,-70.8468147262575
4448,4448,-33.506709320269515,-70.55328607530221
4449,4449,-33.60926866184729,-70.5816107543875
4450,4450,-33.42945632715314,-70.59873542507258
4451,4451,-33.63468731173173,-70.57781037226634
4455,4455,-33.495514599006036,-70.64223620988584
4456,4456,-33.495514599006036,-70.64223620988584
4457,4457,-33.51058008011688,-70.69335570502008
4464,4464,-33.43079885503059,-70.76343100067814
4465,4465,-33.43079885503059,-70.76343100067814
4472,4472,-33.605724762205426,-70.87344745785269
4473,4473,-33.51918438074036,-70.78429229952158
4475,4475,-33.49792397068503,-70.61762824859377
4476,4476,-33.49792397068503,-70.61762824859377
4483,4483,-33.345621282214225,-70.68390938386044
4484,4484,-33.345621282214225,-70.68390938386044
4487,4487,-33.431789581511836,-70.65171857207268
4488,4488,-33.431789581511836,-70.65171857207268
4489,4489,-33.431789581511836,-70.65171857207268
4491,4491,-33.60600495291342,-70.71797782383418
4512,4512,-33.41733184128423,-70.7217647796899
4513,4513,-33.41733184128423,-70.7217647796899
4515,4515,-33.42292255983916,-70.71608429430582
4516,4516,-33.42292255983916,-70.71608429430582
4525,4525,-33.43968896016239,-70.69904271892689
4534,4534,-33.34821833248269,-70.50424252610402
4537,4537,-33.50829821176605,-70.56274473785685
4538,4538,-33.50829821176605,-70.56274473785685
4539,4539,-33.61085667547982,-70.59107547888
4540,4540,-33.420703300732434,-70.58549735564834
4544,4544,-33.486770276046066,-70.62898886738434
4545,4545,-33.50184081818487,-70.68010080997236
4551,4551,-33.49076313458434,-70.61384591140538
4552,4552,-33.49076313458434,-70.61384591140538
4558,4558,-33.418344249260485,-70.53254298326017
4560,4560,-33.53593403363486,-70.76724027476409
4561,4561,-33.444610555851405,-70.57224240266626
4562,4562,-33.444610555851405,-70.57224240266626
4564,4564,-33.443023028119136,-70.56278543927148
4567,4567,-33.40958541412276,-70.51931429024044
4569,4569,-33.49950825150729,-70.62709146340801
4572,4572,-33.510452637100975,-70.77102498349795
4578,4578,-33.43337075133131,-70.66118185182259
4579,4579,-33.43337075133131,-70.66118185182259
4581,4581,-33.59727550781031,-70.7047145916584
4590,4590,-33.503420752422265,-70.68956889803857
4591,4591,-33.503420752422265,-70.68956889803857
4600,4600,-33.40858694679632,-70.7085111070095
4601,4601,-33.40858694679632,-70.7085111070095
4607,4607,-33.42228899198549,-70.59495519700087
4608,4608,-33.42228899198549,-70.59495519700087
4610,4610,-33.52805344923615,-70.7198721341421
4611,4611,-33.52805344923615,-70.7198721341421
4614,4614,-33.57668651512455,-70.5816286419745
4615,4615,-33.499549050063955,-70.54950724704493
